doy,mean_biomass,pond
157,14.51950446,F
171,48.44114959,F
186,101.4016218,F
199,73.55832987,F
213,15.37542732,F
228,22.44475138,F
